{
    "key": "group_5e8d40076387b",
    "title": "Panda PRO 主题专题展示",
    "fields": [
        {
            "key": "field_5e8d400766c0a",
            "label": "标题",
            "name": "title",
            "type": "text",
            "instructions": "",
            "required": 1,
            "conditional_logic": 0,
            "wrapper": {
                "width": "",
                "class": "",
                "id": ""
            },
            "default_value": "",
            "placeholder": "",
            "prepend": "",
            "append": "",
            "maxlength": ""
        },
        {
            "key": "field_5e8d402c23ad7",
            "label": "显示专题",
            "name": "topics",
            "type": "taxonomy",
            "instructions": "请选择至少1个专题标签，如果没有，请先创建专题标签。",
            "required": 1,
            "conditional_logic": 0,
            "wrapper": {
                "width": "",
                "class": "",
                "id": ""
            },
            "taxonomy": "special",
            "field_type": "checkbox",
            "add_term": 0,
            "save_terms": 0,
            "load_terms": 0,
            "return_format": "id",
            "multiple": 0,
            "allow_null": 0
        }
    ],
    "location": [
        [
            {
                "param": "widget",
                "operator": "==",
                "value": "featured_topics"
            }
        ]
    ],
    "menu_order": 0,
    "position": "normal",
    "style": "default",
    "label_placement": "top",
    "instruction_placement": "label",
    "hide_on_screen": "",
    "active": true,
    "description": "",
    "config_save_path": "themes\/PandaPRO\/conf",
    "modified": 1643545974
}